{
  "version": 1,
  "author": "Anonymous maker",
  "editor": "wokwi",
  "parts": [
    { "type": "wokwi-esp32-devkit-v1", "id": "esp", "top": -50.67, "left": 26.67, "attrs": {} },
    {
      "type": "wokwi-hc-sr04",
      "id": "ultrasonic1",
      "top": -99.48,
      "left": 209.86,
      "attrs": { "distance": "2" }
    }
  ],
  "connections": [
    [ "esp:TX0", "$serialMonitor:RX", "", [] ],
    [ "esp:RX0", "$serialMonitor:TX", "", [] ],
    [ "ultrasonic1:VCC", "esp:VIN", "red", [ "v0" ] ],
    [ "ultrasonic1:GND", "esp:GND.1", "black", [ "v0" ] ],
    [ "esp:D5", "ultrasonic1:TRIG", "green", [ "h0" ] ],
    [ "esp:D18", "ultrasonic1:ECHO", "green", [ "h0" ] ]
  ]
}